{"cameraMode":{"drawMode":0,"name":"Shaded","section":"Shading Mode"},"sceneLighting":true,"audioPlay":false,"sceneViewState":{"m_AlwaysRefresh":false,"showFog":true,"showSkybox":true,"showFlares":true,"showImageEffects":true,"showParticleSystems":true,"showVisualEffectGraphs":true,"m_FxEnabled":true},"in2DMode":false,"pivot":{"x":0.7976811528205872,"y":1.6831645965576172,"z":-14.352056503295899},"rotation":{"x":-0.0004724534519482404,"y":-0.996901273727417,"z":0.07852037996053696,"w":-0.0059850639663636688},"size":7.131402492523193,"orthographic":true}