{"cameraMode":{"drawMode":0,"name":"Shaded","section":"Shading Mode"},"sceneLighting":true,"audioPlay":false,"sceneViewState":{"m_AlwaysRefresh":false,"showFog":true,"showSkybox":true,"showFlares":true,"showImageEffects":true,"showParticleSystems":true,"showVisualEffectGraphs":true,"m_FxEnabled":true},"in2DMode":false,"pivot":{"x":-0.3194197714328766,"y":4.076943874359131,"z":-11.117260932922364},"rotation":{"x":0.004539276007562876,"y":0.9954579472541809,"z":-0.0639941543340683,"w":0.07059197127819061},"size":5.7024993896484379,"orthographic":true}