{"cameraMode":{"drawMode":0,"name":"Shaded","section":"Shading Mode"},"sceneLighting":true,"audioPlay":false,"sceneViewState":{"m_AlwaysRefresh":false,"showFog":true,"showSkybox":true,"showFlares":true,"showImageEffects":true,"showParticleSystems":true,"showVisualEffectGraphs":true,"m_FxEnabled":true},"in2DMode":false,"pivot":{"x":-1.6554361581802369,"y":2.6947715282440187,"z":-19.253467559814454},"rotation":{"x":-0.0015695712063461543,"y":-0.9984384775161743,"z":-0.04435928165912628,"w":0.035357262939214709},"size":9.736212730407715,"orthographic":false}